order,family,name,genus,species,sea
Podicipediformes,Podicipedidae,Great Grebe,Podiceps,major,coastal
Podicipediformes,Podicipedidae,Horned Grebe,Podiceps,auritus,offshore
Podicipediformes,Podicipedidae,Red-necked Grebe,Podiceps,grisegena,offshore
Podicipediformes,Podicipedidae,Great Crested Grebe,Podiceps,cristatus,coastal
Podicipediformes,Podicipedidae,Eared Grebe,Podiceps,nigricollis,offshore
Podicipediformes,Podicipedidae,Western Grebe,Aechmophorus,occidentalis,coastal
Charadriiformes,Chionidae,Snowy Sheathbill,Chionis,albus,coastal
Charadriiformes,Chionidae,Black-faced Sheathbill,Chionis,minor,coastal
Charadriiformes,Scolopacidae,Red-necked Phalarope,Phalaropus,lobatus,pelagic
Charadriiformes,Scolopacidae,Red Phalarope,Phalaropus,fulicarius,pelagic
Charadriiformes,Stercorariidae,Great Skua,Stercorarius,skua,pelagic
Charadriiformes,Stercorariidae,Chilean Skua,Stercorarius,chilensis,coastal
Charadriiformes,Stercorariidae,South Polar Skua,Stercorarius,maccormicki,pelagic
Charadriiformes,Stercorariidae,Brown Skua,Stercorarius,antarcticus,pelagic
Charadriiformes,Stercorariidae,Pomarine Jaeger,Stercorarius,pomarinus,pelagic
Charadriiformes,Stercorariidae,Parasitic Jaeger,Stercorarius,parasiticus,pelagic
Charadriiformes,Stercorariidae,Long-tailed Jaeger,Stercorarius,longicaudus,pelagic
Charadriiformes,Alcidae,Little Auk,Alle,alle,pelagic
Charadriiformes,Alcidae,Common Guillemot,Uria,aalge,offshore
Charadriiformes,Alcidae,Bruennich's Guillemot,Uria,lomvia,offshore
Charadriiformes,Alcidae,Razorbill,Alca,torda,offshore
Charadriiformes,Alcidae,Black Guillemot,Cepphus,grylle,pelagic
Charadriiformes,Alcidae,Pigeon Guillemot,Cepphus,columba,coastal
Charadriiformes,Alcidae,Spectacled Guillemot,Cepphus,carbo,coastal
Charadriiformes,Alcidae,Long-billed Murrelet,Brachyramphus,perdix,coastal
Charadriiformes,Alcidae,Marbled Murrelet,Brachyramphus,marmoratus,offshore
Charadriiformes,Alcidae,Kittlitz's Murrelet,Brachyramphus,brevirostris,coastal
Charadriiformes,Alcidae,Scripp's Murrelet,Synthliboramphus,scrippsi,pelagic
Charadriiformes,Alcidae,Guadalupe Murrelet,Synthliboramphus,hypoleucus,offshore
Charadriiformes,Alcidae,Craveri's Murrelet,Synthliboramphus,craveri,offshore
Charadriiformes,Alcidae,Ancient Murrelet,Synthliboramphus,antiquus,offshore
Charadriiformes,Alcidae,Japanese Murrelet,Synthliboramphus,wumizusume,offshore
Charadriiformes,Alcidae,Cassin's Auklet,Ptychoramphus,aleuticus,pelagic
Charadriiformes,Alcidae,Parakeet Auklet,Aethia,psittacula,offshore
Charadriiformes,Alcidae,Least Auklet,Aethia,pusilla,pelagic
Charadriiformes,Alcidae,Whiskered Auklet,Aethia,pygmaea,offshore
Charadriiformes,Alcidae,Crested Auklet,Aethia,cristatella,offshore
Charadriiformes,Alcidae,Rhinoceros Auklet,Cerorhinca,monocerata,offshore
Charadriiformes,Alcidae,Atlantic Puffin,Fratercula,arctica,pelagic
Charadriiformes,Alcidae,Horned Puffin,Fratercula,corniculata,pelagic
Charadriiformes,Alcidae,Tufted Puffin,Fratercula,cirrhata,pelagic
Charadriiformes,Laridae,Swallow-tailed Gull,Creagrus,furcatus,pelagic
Charadriiformes,Laridae,Black-legged Kittiwake,Rissa,tridactyla,pelagic
Charadriiformes,Laridae,Red-legged Kittiwake,Rissa,brevirostris,pelagic
Charadriiformes,Laridae,Ivory Gull,Pagophila,eburnea,coastal
Charadriiformes,Laridae,Sabine's Gull,Xema,sabini,pelagic
Charadriiformes,Laridae,Saunders's Gull,Saundersilarus,saundersi,coastal
Charadriiformes,Laridae,Slender-billed Gull,Chroicocephalus,genei,coastal
Charadriiformes,Laridae,Bonaparte Gull,Chroicocephalus,philadelphia,coastal
Charadriiformes,Laridae,Andean Gull,Chroicocephalus,serranus,coastal
Charadriiformes,Laridae,Brown-hooded Gull,Chroicocephalus,maculipennis,coastal
Charadriiformes,Laridae,Black-billed Gull,Chroicocephalus,bulleri,coastal
Charadriiformes,Laridae,Silver Gull,Chroicocephalus,novaehollandiae,coastal
Charadriiformes,Laridae,Grey-hooded Gull,Chroicocephalus,cirrocephalus,coastal
Charadriiformes,Laridae,Hartlaub's Gull,Chroicocephalus,hartlaubii,coastal
Charadriiformes,Laridae,Black-headed Gull,Chroicocephalus,ridibundus,coastal
Charadriiformes,Laridae,Brown-headed Gull,Chroicocephalus,brunnicephalus,coastal
Charadriiformes,Laridae,Little Gull,Hydrocoloeus,minutus,offshore
Charadriiformes,Laridae,Ross's Gull,Rhodostethia,rosea,pelagic
Charadriiformes,Laridae,Dolphin Gull,Leucophaeus,scoresbii,coastal
Charadriiformes,Laridae,Grey Gull,Leucophaeus,modestus,coastal
Charadriiformes,Laridae,Laughing Gull,Leucophaeus,atricilla,coastal
Charadriiformes,Laridae,Franklin's Gull,Leucophaeus,pipixcan,offshore
Charadriiformes,Laridae,Lava Gull,Leucophaeus,fuliginosus,coastal
Charadriiformes,Laridae,Mediterranean Gull,Ichthyaetus,melanocephalus,coastal
Charadriiformes,Laridae,Relict Gull,Ichthyaetus,relictus,coastal
Charadriiformes,Laridae,White-eyed Gull,Ichthyaetus,leucopththalmus,coastal
Charadriiformes,Laridae,Sooty Gull,Ichthyaetus,hemprichii,coastal
Charadriiformes,Laridae,Pallas's Gull,Ichthyaetus,ichthyaetus,coastal
Charadriiformes,Laridae,Audouin's Gull,Ichthyaetus,audouinii,coastal
Charadriiformes,Laridae,Belcher's Gull,Larus,belcheri,coastal
Charadriiformes,Laridae,Olrog's Gull,Larus,atlanticus,coastal
Charadriiformes,Laridae,Black-tailed Gull,Larus,crassirostris,coastal
Charadriiformes,Laridae,Pacific Gull,Larus,pacificus,coastal
Charadriiformes,Laridae,Heermann Gull,Larus,heermanni,offshore
Charadriiformes,Laridae,Common Gull,Larus,canus,coastal
Charadriiformes,Laridae,Ring-billed Gull,Larus,delawarensis,offshore
Charadriiformes,Laridae,Western Gull,Larus,occidentalis,coastal
Charadriiformes,Laridae,Yellow-footed Gull,Larus,livens,coastal
Charadriiformes,Laridae,California Gull,Larus,californicus,offshore
Charadriiformes,Laridae,Herring Gull,Larus,argentatus,coastal
Charadriiformes,Laridae,Yellow-legged Gull,Larus,michahellis,coastal
Charadriiformes,Laridae,Caspian Gull,Larus,cachinnans,coastal
Charadriiformes,Laridae,Armenian Gull,Larus,armenicus,coastal
Charadriiformes,Laridae,Iceland Gull,Larus,glaucoides,coastal
Charadriiformes,Laridae,Lesser Black-backed Gull,Larus,fuscus,pelagic
Charadriiformes,Laridae,Slaty-backed Gull,Larus,schistisagus,coastal
Charadriiformes,Laridae,Glaucous-winged Gull,Larus,glaucescens,offshore
Charadriiformes,Laridae,Glaucous Gull,Larus,hyperboreus,offshore
Charadriiformes,Laridae,Great Black-backed Gull,Larus,marinus,pelagic
Charadriiformes,Laridae,Kelp Gull,Larus,dominicanus,coastal
Charadriiformes,Laridae,Brown Noddy,Anous,stolidus,pelagic
Charadriiformes,Laridae,Black Noddy,Anous,minutus,pelagic
Charadriiformes,Laridae,Lesser Noddy,Anous,tenuirostris,pelagic
Charadriiformes,Laridae,Grey Noddy,Anous,albivitta,pelagic
Charadriiformes,Laridae,Blue-grey Noddy,Anous,ceruleus,pelagic
Charadriiformes,Laridae,White Tern,Gygis,alba,pelagic
Charadriiformes,Laridae,Sooty Tern,Onychoprion,fuscatus,pelagic
Charadriiformes,Laridae,Grey-backed Tern,Onychoprion,lunatus,pelagic
Charadriiformes,Laridae,Bridled Tern,Onychoprion,anaethetus,offshore
Charadriiformes,Laridae,Aleutian Tern,Onychoprion,aleuticus,pelagic
Charadriiformes,Laridae,Little Tern,Sternula,albifrons,offshore
Charadriiformes,Laridae,Least Tern,Sternula,antillarum,coastal
Charadriiformes,Laridae,Yellow-billed Tern,Sternula,superciliaris,coastal
Charadriiformes,Laridae,Australian Fairy Tern,Sternula,nereis,coastal
Charadriiformes,Laridae,Peruvian Tern,Sternula,lorata,coastal
Charadriiformes,Laridae,Saunders's Tern,Sternula,saundersi,coastal
Charadriiformes,Laridae,Damara Tern,Sternula,balaenarum,coastal
Charadriiformes,Laridae,Large-billed Tern,Phaetusa,simplex,coastal
Charadriiformes,Laridae,Gull-billed Tern,Gelochelidon,nilotica,coastal
Charadriiformes,Laridae,Caspian Tern,Hydroprogne,caspia,coastal
Charadriiformes,Laridae,Inca Tern,Larosterna,inca,coastal
Charadriiformes,Laridae,Black Tern,Chlidonias,niger,offshore
Charadriiformes,Laridae,White-winged Tern,Chlidonias,leucopterus,coastal
Charadriiformes,Laridae,Whiskered Tern,Chlidonias,hybrida,coastal
Charadriiformes,Laridae,Black-fronted Tern,Chlidonias,albostriatus,coastal
Charadriiformes,Laridae,Roseate Tern,Sterna,dougallii,pelagic
Charadriiformes,Laridae,White-fronted Tern,Sterna,striata,pelagic
Charadriiformes,Laridae,Black-naped Tern,Sterna,sumatrana,offshore
Charadriiformes,Laridae,Common Tern,Sterna,hirundo,offshore
Charadriiformes,Laridae,Arctic Tern,Sterna,paradisaea,coastal
Charadriiformes,Laridae,South American Tern,Sterna,hirundinacea,coastal
Charadriiformes,Laridae,Antarctic Tern,Sterna,vittata,offshore
Charadriiformes,Laridae,Forster's Tern,Sterna,forsteri,coastal
Charadriiformes,Laridae,Snowy-crowned Tern,Sterna,trudeaui,coastal
Charadriiformes,Laridae,River Tern,Sterna,aurantia,coastal
Charadriiformes,Laridae,White-cheeked Tern,Sterna,repressa,offshore
Charadriiformes,Laridae,Kerguelen Tern,Sterna,virgata,coastal
Charadriiformes,Laridae,Royal Tern,Thalasseus,maximus,offshore
Charadriiformes,Laridae,Great Crested Tern,Thalasseus,bergii,pelagic
Charadriiformes,Laridae,Sandwich Tern,Thalasseus,sandvicensis,coastal
Charadriiformes,Laridae,Elegant Tern,Thalasseus,elegans,coastal
Charadriiformes,Laridae,Lesser Crested Tern,Thalasseus,bengalensis,offshore
Charadriiformes,Laridae,Chinese Crested Tern,Thalasseus,bernsteini,pelagic
Charadriiformes,Laridae,Black Skimmer,Rynchops,niger,coastal
Charadriiformes,Laridae,African Skimmer,Rynchops,flavirostris,coastal
Phaethontiformes,Phaethontidae,White-tailed Tropicbird,Phaethon,lepturus,pelagic
Phaethontiformes,Phaethontidae,Red-billed Tropicbird,Phaethon,aethereus,pelagic
Phaethontiformes,Phaethontidae,Red-tailed Tropicbird,Phaethon,rubricauda,pelagic
Gaviiformes,Gaviidae,Red-throated Diver,Gavia,stellata,coastal
Gaviiformes,Gaviidae,Black-throated Diver,Gavia,arctica,coastal
Gaviiformes,Gaviidae,Pacific Diver,Gavia,pacifica,offshore
Gaviiformes,Gaviidae,Great Northern Diver,Gavia,immer,offshore
Gaviiformes,Gaviidae,Yellow-billed Diver,Gavia,adamsii,offshore
Sphenisciformes,Spheniscidae,King Penguin,Aptenodytes,patagonicus,pelagic
Sphenisciformes,Spheniscidae,Emperor Penguin,Aptenodytes,forsteri,pelagic
Sphenisciformes,Spheniscidae,Adelie Penguin,Pygoscelis,adeliae,pelagic
Sphenisciformes,Spheniscidae,Gentoo Penguin,Pygoscelis,papua,pelagic
Sphenisciformes,Spheniscidae,Chinstrap Penguin,Pygoscelis,antarcticus,pelagic
Sphenisciformes,Spheniscidae,Yellow-eyed Penguin,Megadyptes,antipodes,coastal
Sphenisciformes,Spheniscidae,Little Penguin,Eudyptula,minor,coastal
Sphenisciformes,Spheniscidae,African Penguin,Spheniscus,demersus,coastal
Sphenisciformes,Spheniscidae,Humboldt Penguin,Spheniscus,humboldti,coastal
Sphenisciformes,Spheniscidae,Galapagos Penguin,Spheniscus,mendiculus,coastal
Sphenisciformes,Spheniscidae,Magellanic Penguin,Spheniscus,magellanicus,pelagic
Sphenisciformes,Spheniscidae,Fiordland Penguin,Eudyptes,pachyrhynchus,pelagic
Sphenisciformes,Spheniscidae,Erect-crested Penguin,Eudyptes,sclateri,pelagic
Sphenisciformes,Spheniscidae,Macaroni Penguin,Eudyptes,chrysolophus,pelagic
Sphenisciformes,Spheniscidae,Royal Penguin,Eudyptes,schlegeli,pelagic
Sphenisciformes,Spheniscidae,Southern Rockhopper Penguin,Eudyptes,chrysocome,pelagic
Sphenisciformes,Spheniscidae,Snares Penguin,Eudyptes,robustus,pelagic
Procellariiformes,Diomedeidae,Yellow-nosed Albatross,Thalassarche,chlororhynchos,pelagic
Procellariiformes,Diomedeidae,Grey-headed Albatross,Thalassarche,chrysostoma,pelagic
Procellariiformes,Diomedeidae,Buller's Albatross,Thalassarche,bulleri,pelagic
Procellariiformes,Diomedeidae,White-capped Albatross,Thalassarche,cauta,pelagic
Procellariiformes,Diomedeidae,Salvin's Albatross,Thalassarche,salvini,pelagic
Procellariiformes,Diomedeidae,Chatham Albatross,Thalassarche,eremita,pelagic
Procellariiformes,Diomedeidae,Black-browed Albatross,Thalassarche,melanophris,pelagic
Procellariiformes,Diomedeidae,Sooty Albatross,Phoebetria,fusca,pelagic
Procellariiformes,Diomedeidae,Light-mantled Albatross,Phoebetria,palpebrata,pelagic
Procellariiformes,Diomedeidae,Royal Albatross,Diomedea,epomophora,pelagic
Procellariiformes,Diomedeidae,Wandering Albatross,Diomedea,exulans,pelagic
Procellariiformes,Diomedeidae,Waved Albatross,Phoebastria,irrorata,pelagic
Procellariiformes,Diomedeidae,Laysan Albatross,Phoebastria,immutabilis,pelagic
Procellariiformes,Diomedeidae,Black-footed Albatross,Phoebastria,nigripes,pelagic
Procellariiformes,Diomedeidae,Short-tailed Albatross,Phoebastria,albatrus,pelagic
Procellariiformes,Oceanitidae,Wilson's Storm-Petrel,Oceanites,oceanicus,pelagic
Procellariiformes,Oceanitidae,Pincoya Storm-Petrel,Oceanites,pincoyae,pelagic
Procellariiformes,Oceanitidae,Elliot's Storm-Petrel,Oceanites,gracilis,pelagic
Procellariiformes,Oceanitidae,Grey-backed Storm-Petrel,Garrodia,nereis,pelagic
Procellariiformes,Oceanitidae,White-faced Storm-Petrel,Pelagodroma,marina,pelagic
Procellariiformes,Oceanitidae,White-bellied Storm-Petrel,Fregetta,grallaria,pelagic
Procellariiformes,Oceanitidae,New Zealand Storm-Petrel,Fregetta,maoriana,pelagic
Procellariiformes,Oceanitidae,Black-bellied Storm-Petrel,Fregetta,tropica,pelagic
Procellariiformes,Oceanitidae,Polynesian Storm-Petrel,Nesofregetta,fuliginosa,pelagic
Procellariiformes,Hydrobatidae,European Storm-Petrel,Hydrobates,pelagicus,pelagic
Procellariiformes,Hydrobatidae,Fork-tailed Storm-Petrel,Oceanodroma,furcata,pelagic
Procellariiformes,Hydrobatidae,Ringed Storm-Petrel,Oceanodroma,hornbyi,pelagic
Procellariiformes,Hydrobatidae,Leach's Storm-Petrel,Oceanodroma,leucorhoa,pelagic
Procellariiformes,Hydrobatidae,Townsend Storm-Petrel,Oceanodroma,socorroensis,pelagic
Procellariiformes,Hydrobatidae,Ainley's Storm-Petrel,Oceanodroma,cheimomnestes,pelagic
Procellariiformes,Hydrobatidae,Swinhoe's Storm-Petrel,Oceanodroma,monorhis,pelagic
Procellariiformes,Hydrobatidae,Ashy Storm-Petrel,Oceanodroma,homochroa,pelagic
Procellariiformes,Hydrobatidae,Band-rumped Storm-Petrel,Oceanodroma,castro,pelagic
Procellariiformes,Hydrobatidae,Monteiro's Storm-Petrel,Oceanodroma,monteiroi,pelagic
Procellariiformes,Hydrobatidae,Cape Verde Storm-Petrel,Oceanodroma,jabejabe,pelagic
Procellariiformes,Hydrobatidae,Wedge-rumped Storm-Petrel,Oceanodroma,tethys,pelagic
Procellariiformes,Hydrobatidae,Black Storm-Petrel,Oceanodroma,melania,pelagic
Procellariiformes,Hydrobatidae,Guadalupe Storm-Petrel,Oceanodroma,macrodactyla,pelagic
Procellariiformes,Hydrobatidae,Markham's Storm-Petrel,Oceanodroma,markhami,pelagic
Procellariiformes,Hydrobatidae,Matsudaira Storm-Petrel,Oceanodroma,matsudairae,pelagic
Procellariiformes,Hydrobatidae,Tristram's Storm-Petrel,Oceanodroma,tristrami,pelagic
Procellariiformes,Hydrobatidae,Least Storm-Petrel,Oceanodroma,microsoma,pelagic
Procellariiformes,Procellariidae,Southern Giant-Petrel,Macronectes,giganteus,pelagic
Procellariiformes,Procellariidae,Northern Giant-Petrel,Macronectes,halli,pelagic
Procellariiformes,Procellariidae,Northern Fulmar,Fulmarus,glacialis,pelagic
Procellariiformes,Procellariidae,Southern Fulamr,Fulmarus,glacialoides,pelagic
Procellariiformes,Procellariidae,Antarctic Petrel,Thalassoica,antarctica,pelagic
Procellariiformes,Procellariidae,Cape Petrel,Daption,capense,pelagic
Procellariiformes,Procellariidae,Snow Petrel,Pagodroma,nivea,pelagic
Procellariiformes,Procellariidae,Kerguelen Petrel,Aphrodroma,brevirostris,pelagic
Procellariiformes,Procellariidae,Jamaican Petrel,Pterodroma,caribbaea,pelagic
Procellariiformes,Procellariidae,Lesser Hawaiian Petrel,Pterodroma,jugabilis,pelagic
Procellariiformes,Procellariidae,Imber's Petrel,Pterodroma,imberi,pelagic
Procellariiformes,Procellariidae,Large St. Helena Petrel,Pterodroma,rupinarum,pelagic
Procellariiformes,Procellariidae,Great-winged Petrel,Pterodroma,macroptera,pelagic
Procellariiformes,Procellariidae,Grey-faced Petrel,Pterodroma,gouldi,pelagic
Procellariiformes,Procellariidae,Kermadec Petrel,Pterodroma,neglecta,pelagic
Procellariiformes,Procellariidae,Magenta Petrel,Pterodroma,magentae,pelagic
Procellariiformes,Procellariidae,Trindade Petrel,Pterodroma,arminjoniana,pelagic
Procellariiformes,Procellariidae,Herald Petrel,Pterodroma,heraldica,pelagic
Procellariiformes,Procellariidae,Murphy's Petrel,Pterodroma,ultima,pelagic
Procellariiformes,Procellariidae,Providence Petrel,Pterodroma,solandri,pelagic
Procellariiformes,Procellariidae,Henderson Petrel,Pterodroma,atrata,pelagic
Procellariiformes,Procellariidae,Zino's Petrel,Pterodroma,madeira,pelagic
Procellariiformes,Procellariidae,Fea's Petrel,Pterodroma,feae,pelagic
Procellariiformes,Procellariidae,Soft-plumaged Petrel,Pterodroma,mollis,pelagic
Procellariiformes,Procellariidae,Barau's Petrel,Pterodroma,baraui,pelagic
Procellariiformes,Procellariidae,White-headed Petrel,Pterodroma,lessonii,pelagic
Procellariiformes,Procellariidae,Mottled Petrel,Pterodroma,inexpectata,pelagic
Procellariiformes,Procellariidae,Bermuda Petrel,Pterodroma,cahow,pelagic
Procellariiformes,Procellariidae,Black-capped Petrel,Pterodroma,hasitata,pelagic
Procellariiformes,Procellariidae,Juan Fernandez Petrel,Pterodroma,externa,pelagic
Procellariiformes,Procellariidae,Atlantic Petrel,Pterodroma,incerta,pelagic
Procellariiformes,Procellariidae,Galapagos Petrel,Pterodroma,phaeopygia,pelagic
Procellariiformes,Procellariidae,Hawaiian Petrel,Pterodroma,sandwichensis,pelagic
Procellariiformes,Procellariidae,White-necked Petrel,Pterodroma,cervicalis,pelagic
Procellariiformes,Procellariidae,Bonin Petrel,Pterodroma,hypoleuca,pelagic
Procellariiformes,Procellariidae,Black-winged Petrel,Pterodroma,nigripennis,pelagic
Procellariiformes,Procellariidae,Chatham Petrel,Pterodroma,axillaris,pelagic
Procellariiformes,Procellariidae,Cook's Petrel,Pterodroma,cookii,pelagic
Procellariiformes,Procellariidae,Masatierra Petrel,Pterodroma,defilippiana,pelagic
Procellariiformes,Procellariidae,Gould's Petrel,Pterodroma,leucoptera,pelagic
Procellariiformes,Procellariidae,Collared Petrel,Pterodroma,brevipes,pelagic
Procellariiformes,Procellariidae,Stejneger's Petrel,Pterodroma,longirostris,pelagic
Procellariiformes,Procellariidae,Pycroft's Petrel,Pterodroma,pycrofti,pelagic
Procellariiformes,Procellariidae,Phoenix Petrel,Pterodroma,alba,pelagic
Procellariiformes,Procellariidae,Vanuatu Petrel,Pterodroma,occulta,pelagic
Procellariiformes,Procellariidae,Blue Petrel,Halobaena,caerulea,pelagic
Procellariiformes,Procellariidae,Fairy Prion,Pachyptila,turtur,pelagic
Procellariiformes,Procellariidae,Broad-billed Prion,Pachyptila,vittata,pelagic
Procellariiformes,Procellariidae,Salvn's Prion,Pachyptila,salvini,pelagic
Procellariiformes,Procellariidae,Antarctic Prion,Pachyptila,desolata,pelagic
Procellariiformes,Procellariidae,Slender-billed Prion,Pachyptila,belcheri,pelagic
Procellariiformes,Procellariidae,Fulmar Prion,Pachyptila,crassirostris,pelagic
Procellariiformes,Procellariidae,Bulwer's Petrel,Bulweria,bulwerii,pelagic
Procellariiformes,Procellariidae,Jouanin's Petrel,Bulweria,fallax,pelagic
Procellariiformes,Procellariidae,Small St. Helena Petrel,Bulweria,bifax,pelagic
Procellariiformes,Procellariidae,Fiji Petrel,Pseudobulweria,macgillivrayi,pelagic
Procellariiformes,Procellariidae,Mascarene Petrel,Pseudobulweria,aterrima,pelagic
Procellariiformes,Procellariidae,Tahiti Petrel,Pseudobulweria,rostrata,pelagic
Procellariiformes,Procellariidae,Beck's Petrel,Pseudobulweria,becki,pelagic
Procellariiformes,Procellariidae,Grey Petrel,Procellaria,cinerea,pelagic
Procellariiformes,Procellariidae,White-chinned Petrel,Procellaria,aequinoctialis,pelagic
Procellariiformes,Procellariidae,Spectacled Petrel,Procellaria,conspicillata,pelagic
Procellariiformes,Procellariidae,Parkinson's Petrel,Procellaria,parkinsoni,pelagic
Procellariiformes,Procellariidae,Westland Petrel,Procellaria,westlandica,pelagic
Procellariiformes,Procellariidae,Streaked Shearwater,Calonectris,leucomelas,pelagic
Procellariiformes,Procellariidae,Cory's Shearwater,Calonectris,diomedea,pelagic
Procellariiformes,Procellariidae,Cape Verde Shearwater,Calonectris,edwardsii,pelagic
Procellariiformes,Procellariidae,Pink-footed Shearwater,Ardenna,creatopus,pelagic
Procellariiformes,Procellariidae,Flesh-footed Shearwater,Ardenna,carneipes,pelagic
Procellariiformes,Procellariidae,Great Shearwater,Ardenna,gravis,pelagic
Procellariiformes,Procellariidae,Wedge-tailed Shearwater,Ardenna,pacifica,pelagic
Procellariiformes,Procellariidae,Buller's Shearwater,Ardenna,bulleri,pelagic
Procellariiformes,Procellariidae,Sooty Shearwater,Ardenna,grisea,pelagic
Procellariiformes,Procellariidae,Short-tailed Shearwater,Ardenna,tenuirostris,pelagic
Procellariiformes,Procellariidae,Lava Shearwater,Puffinus,olsoni,pelagic
Procellariiformes,Procellariidae,Christmas Shearwater,Puffinus,nativitatis,pelagic
Procellariiformes,Procellariidae,Galapagos Shearwater,Puffinus,subalaris,pelagic
Procellariiformes,Procellariidae,Manx Shearwater,Puffinus,puffinus,pelagic
Procellariiformes,Procellariidae,Yelkouan Shearwater,Puffinus,yelkouan,pelagic
Procellariiformes,Procellariidae,Balearic Shearwater,Puffinus,mauretanicus,pelagic
Procellariiformes,Procellariidae,Hutton's Shearwater,Puffinus,huttoni,pelagic
Procellariiformes,Procellariidae,Bannerman's Shearwater,Puffinus,bannermani,pelagic
Procellariiformes,Procellariidae,Townsend's Shearwater,Puffinus,auricularis,pelagic
Procellariiformes,Procellariidae,Newell's Shearwater,Puffinus,newelli,pelagic
Procellariiformes,Procellariidae,Rapa Shearwater,Puffinus,myrtae,pelagic
Procellariiformes,Procellariidae,Bryan's Shearwater,Puffinus,bryani,pelagic
Procellariiformes,Procellariidae,Black-vented Shearwater,Puffinus,opisthomelas,pelagic
Procellariiformes,Procellariidae,Fluttering Shearwater,Puffinus,gavia,pelagic
Procellariiformes,Procellariidae,Little Shearwater,Puffinus,assimilis,pelagic
Procellariiformes,Procellariidae,Subantarctic Shearwater,Puffinus,elegans,pelagic
Procellariiformes,Procellariidae,Barolo Shearwater,Puffinus,baroli,pelagic
Procellariiformes,Procellariidae,Boyd's Shearwater,Puffinus,boydi,pelagic
Procellariiformes,Procellariidae,Audubon's Shearwater,Puffinus,lherminieri,pelagic
Procellariiformes,Procellariidae,Tropical Shearwater,Puffinus,bailloni,pelagic
Procellariiformes,Procellariidae,Persian Shearwater,Puffinus,persicus,pelagic
Procellariiformes,Procellariidae,Heinroth's Shearwater,Puffinus,heinrothi,pelagic
Procellariiformes,Procellariidae,Peruvian Diving-Petrel,Pelecanoides,garnotii,pelagic
Procellariiformes,Procellariidae,Common Diving-Petrel,Pelecanoides,urinatrix,pelagic
Procellariiformes,Procellariidae,South Georgia Diving-Petrel,Pelecanoides,georgicus,pelagic
Procellariiformes,Procellariidae,Magellanic Diving-Petrel,Pelecanoides,magellani,offshore
Suliformes,Phalacrocoracidae,Little Pied Cormorant,Microcarbo,melanoleucos,coastal
Suliformes,Phalacrocoracidae,Long-tailed Cormorant,Microcarbo,africanus,coastal
Suliformes,Phalacrocoracidae,Crowned Cormorant,Microcarbo,coronatus,coastal
Suliformes,Phalacrocoracidae,Little Cormorant,Microcarbo,niger,coastal
Suliformes,Phalacrocoracidae,Pygmy Cormorant,Microcarbo,pygmaeus,coastal
Suliformes,Phalacrocoracidae,Red-legged Cormorant,Phalacrocorax,gaimardi,coastal
Suliformes,Phalacrocoracidae,Brandt's Cormorant,Phalacrocorax,penicillatus,coastal
Suliformes,Phalacrocoracidae,Red-faced Cormorant,Phalacrocorax,urile,offshore
Suliformes,Phalacrocoracidae,Pelagic Cormorant,Phalacrocorax,pelagicus,offshore
Suliformes,Phalacrocoracidae,Great Cormorant,Phalacrocorax,carbo,coastal
Suliformes,Phalacrocoracidae,Japanese Cormorant,Phalacrocorax,capillatus,coastal
Suliformes,Phalacrocoracidae,Cape Cormorant,Phalacrocorax,capensis,coastal
Suliformes,Phalacrocoracidae,Bank Cormorant,Phalacrocorax,neglectus,coastal
Suliformes,Phalacrocoracidae,Socotra Cormorant,Phalacrocorax,nigrogularis,coastal
Suliformes,Phalacrocoracidae,Indian Cormorant,Phalacrocorax,fuscicollis,coastal
Suliformes,Phalacrocoracidae,Spotted Shag,Phalacrocorax,punctatus,coastal
Suliformes,Phalacrocoracidae,Pitt Island Shag,Phalacrocorax,featherstoni,coastal
Suliformes,Phalacrocoracidae,Little Black Cormorant,Phalacrocorax,sulcirostris,coastal
Suliformes,Phalacrocoracidae,Pied Cormorant,Phalacrocorax,varius,coastal
Suliformes,Phalacrocoracidae,Black-faced Cormorant,Phalacrocorax,fuscescens,coastal
Suliformes,Phalacrocoracidae,European Shag,Phalacrocorax,aristotelis,coastal
Suliformes,Phalacrocoracidae,Flightless Cormorant,Phalacrocorax,harrisi,coastal
Suliformes,Phalacrocoracidae,Neotropic Cormorant,Phalacrocorax,brasilianus,coastal
Suliformes,Phalacrocoracidae,Double-crested Cormorant,Phalacrocorax,auritus,coastal
Suliformes,Phalacrocoracidae,Megallanic Cormorant,Phalacrocorax,magellanicus,coastal
Suliformes,Phalacrocoracidae,Guanay Cormorant,Phalacrocorax,bougainvillii,coastal
Suliformes,Phalacrocoracidae,Bounty Islands Shag,Phalacrocorax,ranfurlyi,offshore
Suliformes,Phalacrocoracidae,New Zealand King Shag,Phalacrocorax,carunculatus,coastal
Suliformes,Phalacrocoracidae,Stewart Island Shag,Phalacrocorax,chalconotus,offshore
Suliformes,Phalacrocoracidae,Chatham Islands Shag,Phalacrocorax,onslowi,coastal
Suliformes,Phalacrocoracidae,Auckland Islands Shag,Phalacrocorax,colensoi,pelagic
Suliformes,Phalacrocoracidae,Campbell Islands Shag,Phalacrocorax,campbelli,pelagic
Suliformes,Phalacrocoracidae,South Georgia Shag,Phalacrocorax,georgianus,coastal
Suliformes,Phalacrocoracidae,Imperial Cormorant,Phalacrocorax,atriceps,coastal
Suliformes,Phalacrocoracidae,Antarctic Shag,Phalacrocorax,bransfieldensis,coastal
Suliformes,Phalacrocoracidae,Crozet Shag,Phalacrocorax,melanogenis,coastal
Suliformes,Phalacrocoracidae,Kerguelen Shag,Phalacrocorax,verrucosus,coastal
Suliformes,Phalacrocoracidae,Heard Island Shag,Phalacrocorax,nivalis,coastal
Suliformes,Phalacrocoracidae,Macquarie Shag,Phalacrocorax,purpurascens,coastal
Suliformes,Fregatidae,Lesser Frigatebird,Fregata,ariel,pelagic
Suliformes,Fregatidae,Ascension Frigatebird,Fregata,aquila,pelagic
Suliformes,Fregatidae,Magnificent Frigatebird,Fregata,magnificens,pelagic
Suliformes,Fregatidae,Christmas Island Frigatebird,Fregata,andrewsi,pelagic
Suliformes,Fregatidae,Great Frigatebird,Fregata,minor,pelagic
Suliformes,Sulidae,Masked Booby,Sula,dactylatra,pelagic
Suliformes,Sulidae,Nazca Booby,Sula,granti,pelagic
Suliformes,Sulidae,Blue-footed Booby,Sula,nebouxii,coastal
Suliformes,Sulidae,Peruvian Booby,Sula,variegata,coastal
Suliformes,Sulidae,Brown Booby,Sula,leucogaster,pelagic
Suliformes,Sulidae,Red-footed Booby,Sula,sula,pelagic
Suliformes,Sulidae,Abbott's Booby,Papasula,abbotti,pelagic
Suliformes,Sulidae,Northern Gannet,Morus,bassanus,pelagic
Suliformes,Sulidae,Cape Gannet,Morus,capensis,offshore
Suliformes,Sulidae,Australasian Gannet,Morus,serrator,offshore
Pelecaniformes,Pelecanidae,American White Pelican,Pelecanus,erythrorhynchos,coastal
Pelecaniformes,Pelecanidae,Brown Pelican,Pelecanus,occidentalis,offshore
Pelecaniformes,Pelecanidae,Peruvian Pelican,Pelecanus,thagus,coastal
Pelecaniformes,Pelecanidae,Great White Pelican,Pelecanus,onocrotalus,coastal
Pelecaniformes,Pelecanidae,Australian Pelican,Pelecanus,conspicillatus,coastal
Pelecaniformes,Pelecanidae,Pink-backed Pelican,Pelecanus,rufescens,coastal
Pelecaniformes,Pelecanidae,Spot-billed Pelican,Pelecanus,philippensis,coastal
Pelecaniformes,Pelecanidae,Dalmatian Pelican,Pelecanus,crispus,coastal
Anseriformes,Anatidae,Flying Steamer-Duck,Tachyeres,patachonicus,coastal
Anseriformes,Anatidae,Flightless Steamer-Duck,Tachyeres,pteneres,coastal
Anseriformes,Anatidae,Falkland Steamer-Duck,Tachyeres,brachypterus,coastal
Anseriformes,Anatidae,White-headed Steamer-Duck,Tachyeres,leucocephalus,coastal
Anseriformes,Anatidae,Steller's Eider,Polysticta,stelleri,coastal
Anseriformes,Anatidae,Spectacled Eider,Somateria,fischeri,offshore
Anseriformes,Anatidae,King Eider,Somateria,spectabilis,offshore
Anseriformes,Anatidae,Common Eider,Somateria,mollissima,offshore
Anseriformes,Anatidae,Harlequin Duck,Histrionicus,histrionicus,coastal
Anseriformes,Anatidae,Surf Scoter,Melanitta,perspicillata,coastal
Anseriformes,Anatidae,Velvet Scoter,Melanitta,fusca,coastal
Anseriformes,Anatidae,White-winged Scoter,Melanitta,deglandi,coastal
Anseriformes,Anatidae,Stejneger's Scoter,Melanitta,stejnegeri,coastal
Anseriformes,Anatidae,Common Scoter,Melanitta,nigra,coastal
Anseriformes,Anatidae,Black Scoter,Melanitta,americana,coastal
Anseriformes,Anatidae,Long-tailed Duck,Clangula,hyemalis,offshore
Anseriformes,Anatidae,Bufflehead,Bucephala,albeola,coastal
Anseriformes,Anatidae,Common Goldeneye,Bucephala,clangula,coastal
Anseriformes,Anatidae,Barrow's Goldeneye,Bucephala,islandica,coastal
Anseriformes,Anatidae,Smew,Mergellus,albellus,coastal
Anseriformes,Anatidae,Common Merganser,Mergus,merganser,coastal
Anseriformes,Anatidae,Red-breasted Merganser,Mergus,serrator,offshore